{
  "potato": {
    "growth_stages": {
      "seedling": {
        "temperature": {
          "sensor": "DHT11",
          "optimal_range": [18, 25],
          "acceptable_range": [15, 28],
          "unit": "°C",
          "notes": "Optimal for initial growth"
        },
        "humidity": {
          "sensor": "DHT11",
          "optimal_range": [40, 70],
          "acceptable_range": [30, 80],
          "unit": "%",
          "notes": "High humidity supports seedlings"
        },
        "soil_moisture": {
          "sensor": "AnalogRead",
          "optimal_range": [400, 550],
          "acceptable_range": [350, 600],
          "unit": "ADC value 0-1023",
          "notes": "Keep soil moist but avoid overwatering"
        },
        "light_intensity": {
          "sensor": "LDR",
          "optimal_range": [500, 700],
          "acceptable_range": [400, 800],
          "unit": "ADC value 0-1023",
          "notes": "Moderate light exposure for seedlings"
        },
        "air_quality": {
          "sensor": "MQ135",
          "optimal_range": [0, 150],
          "acceptable_range": [0, 25],
          "unit": "ADC value 0-1023",
          "notes": "Good air quality promotes growth"
        }
      },
      "vegetative": {
        "temperature": {
          "sensor": "DHT11",
          "optimal_range": [20, 28],
          "acceptable_range": [18, 32],
          "unit": "°C",
          "notes": "Optimal for leaf growth"
        },
        "humidity": {
          "sensor": "DHT11",
          "optimal_range": [50, 75],
          "acceptable_range": [40, 80],
          "unit": "%",
          "notes": "Supports healthy foliage"
        },
        "soil_moisture": {
          "sensor": "AnalogRead",
          "optimal_range": [400, 550],
          "acceptable_range": [350, 600],
          "unit": "ADC value 0-1023",
          "notes": "Moist soil is critical"
        },
        "light_intensity": {
          "sensor": "LDR",
          "optimal_range": [600, 800],
          "acceptable_range": [500, 900],
          "unit": "ADC value 0-1023",
          "notes": "Bright light encourages photosynthesis"
        },
        "air_quality": {
          "sensor": "MQ135",
          "optimal_range": [0, 150],
          "acceptable_range": [0, 25],
          "unit": "ADC value 0-1023",
          "notes": "Ventilation reduces risk of stress"
        }
      },
      "tuber_formation": {
        "temperature": {
          "sensor": "DHT11",
          "optimal_range": [15, 25],
          "acceptable_range": [12, 28],
          "unit": "°C",
          "notes": "Cooler temps favor tuber growth"
        },
        "humidity": {
          "sensor": "DHT11",
          "optimal_range": [60, 80],
          "acceptable_range": [50, 85],
          "unit": "%",
          "notes": "High humidity encourages tuber formation"
        },
        "soil_moisture": {
          "sensor": "AnalogRead",
          "optimal_range": [400, 550],
          "acceptable_range": [350, 600],
          "unit": "ADC value 0-1023",
          "notes": "Maintain steady moisture"
        },
        "light_intensity": {
          "sensor": "LDR",
          "optimal_range": [500, 700],
          "acceptable_range": [400, 800],
          "unit": "ADC value 0-1023",
          "notes": "Moderate light sufficient"
        },
        "air_quality": {
          "sensor": "MQ135",
          "optimal_range": [0, 150],
          "acceptable_range": [0, 25],
          "unit": "ADC value 0-1023",
          "notes": "Airflow helps prevent fungal risk"
        }
      },
      "harvest": {
        "temperature": {
          "sensor": "DHT11",
          "optimal_range": [15, 28],
          "acceptable_range": [12, 32],
          "unit": "°C",
          "notes": "Ideal for final maturity"
        },
        "humidity": {
          "sensor": "DHT11",
          "optimal_range": [40, 70],
          "acceptable_range": [30, 80],
          "unit": "%",
          "notes": "Avoid excess humidity to prevent rot"
        },
        "soil_moisture": {
          "sensor": "AnalogRead",
          "optimal_range": [350, 500],
          "acceptable_range": [300, 550],
          "unit": "ADC value 0-1023",
          "notes": "Slightly drier soil preferred for harvest"
        },
        "light_intensity": {
          "sensor": "LDR",
          "optimal_range": [400, 700],
          "acceptable_range": [300, 800],
          "unit": "ADC value 0-1023",
          "notes": "Moderate light"
        },
        "air_quality": {
          "sensor": "MQ135",
          "optimal_range": [0, 150],
          "acceptable_range": [0, 25],
          "unit": "ADC value 0-1023",
          "notes": "Air quality affects storage post-harvest"
        }
      }
    },
    "stress_conditions": {
      "temperature": {
        "too_low": "Growth slows; frost risk",
        "too_high": "Tuber formation inhibited; leaf burn possible"
      },
      "humidity": {
        "too_low": "Plants dry out; growth slows",
        "too_high": "Risk of fungal disease"
      },
      "soil_moisture": {
        "too_low": "Plants wilt; yield drops",
        "too_high": "Root rot risk"
      },
      "light_intensity": {
        "too_low": "Slow growth; etiolation",
        "too_high": "Leaf burn; stress"
      },
      "air_quality": {
        "too_low": "Slow growth",
        "too_high": "Toxic gases; stress"
      }
    }
  }
}
